pair_id,distance,split_a,image_a,split_b,image_b,decision,reason,action_taken,reviewer_name,review_date
pair_001,0,train,datasets/uae_lp_v2_yolo/images/train/1-view-Q6818600_png_jpg.rf.W8rEATOynqJTZEpXhOns.jpg,test,datasets/uae_lp_v2_yolo/images/test/1-view-Q2121610_png_jpg.rf.jeWAcuPvFoPxGbD4elEj.jpg,pending_human_review,,none_pending,,
pair_002,0,train,datasets/uae_lp_v2_yolo/images/train/1-view-Q6818610_png_jpg.rf.JBOREwvCJnTsAjKdgdLF.jpg,test,datasets/uae_lp_v2_yolo/images/test/1-view-Q6909610_png_jpg.rf.Q7VIbtzAMzYpYB1TbaY0.jpg,pending_human_review,,none_pending,,
pair_003,1,train,datasets/uae_lp_v2_yolo/images/train/1-viewmobile-Q6818610_png_jpg.rf.dsrxIeQPHxlgQDiSL5BG.jpg,val,datasets/uae_lp_v2_yolo/images/val/1-viewmobile-Q6909610_png_jpg.rf.Q833TzVdsyjeX8Jj9e35.jpg,pending_human_review,,none_pending,,
pair_004,1,train,datasets/uae_lp_v2_yolo/images/train/1-view-Q6909600_png_jpg.rf.sZXIpuckK24IKe9Eg9Gl.jpg,test,datasets/uae_lp_v2_yolo/images/test/1-view-Q2121610_png_jpg.rf.jeWAcuPvFoPxGbD4elEj.jpg,pending_human_review,,none_pending,,
pair_005,1,train,datasets/uae_lp_v2_yolo/images/train/1-view-Q6909600_png_jpg.rf.sZXIpuckK24IKe9Eg9Gl.jpg,test,datasets/uae_lp_v2_yolo/images/test/1-view-Q6909610_png_jpg.rf.Q7VIbtzAMzYpYB1TbaY0.jpg,pending_human_review,,none_pending,,
pair_006,2,train,datasets/uae_lp_v2_yolo/images/train/1-shortview-Q6909600_png_jpg.rf.MDRULqjOXVNoYpUthaUV.jpg,val,datasets/uae_lp_v2_yolo/images/val/1-shortview-K8446600_jpg.rf.xUF71EM7PG4zHMmyMelQ.jpg,pending_human_review,,none_pending,,
pair_007,2,train,datasets/uae_lp_v2_yolo/images/train/1-viewmobile-Q2121610_png_jpg.rf.qbJle9VPIf7PRvxrbwiT.jpg,val,datasets/uae_lp_v2_yolo/images/val/1-viewmobile-Q6909610_png_jpg.rf.Q833TzVdsyjeX8Jj9e35.jpg,pending_human_review,,none_pending,,
pair_008,2,train,datasets/uae_lp_v2_yolo/images/train/1-shortmobileview-Q2121600_png_jpg.rf.dDPY8LgfhxTTxTGghQzS.jpg,test,datasets/uae_lp_v2_yolo/images/test/1-shortmobileview-Q6818600_png_jpg.rf.XcUKmna5NRPf8Jcbq97B.jpg,pending_human_review,,none_pending,,
pair_009,2,train,datasets/uae_lp_v2_yolo/images/train/1-view-Q6818600_png_jpg.rf.W8rEATOynqJTZEpXhOns.jpg,test,datasets/uae_lp_v2_yolo/images/test/1-view-Q6909610_png_jpg.rf.Q7VIbtzAMzYpYB1TbaY0.jpg,pending_human_review,,none_pending,,
pair_010,2,train,datasets/uae_lp_v2_yolo/images/train/1-view-Q6818610_png_jpg.rf.JBOREwvCJnTsAjKdgdLF.jpg,test,datasets/uae_lp_v2_yolo/images/test/1-view-Q2121610_png_jpg.rf.jeWAcuPvFoPxGbD4elEj.jpg,pending_human_review,,none_pending,,
pair_011,2,train,datasets/uae_lp_v2_yolo/images/train/S-43_jpg.rf.wokGmkoZoDfbAnIBu8ew.jpg,test,datasets/uae_lp_v2_yolo/images/test/Z-44_jpg.rf.XmEzTI85SsaZVMPOfaP7.jpg,pending_human_review,,none_pending,,
pair_012,2,val,datasets/uae_lp_v2_yolo/images/val/1-shortview-K8446600_jpg.rf.xUF71EM7PG4zHMmyMelQ.jpg,test,datasets/uae_lp_v2_yolo/images/test/1-shortview-K13300_png_jpg.rf.cTJQVCG7cSQDoNf7ilIu.jpg,pending_human_review,,none_pending,,
pair_013,3,train,datasets/uae_lp_v2_yolo/images/train/1-shortmobileview-Q2121600_png_jpg.rf.dDPY8LgfhxTTxTGghQzS.jpg,test,datasets/uae_lp_v2_yolo/images/test/1-shortmobileview-K13300_png_jpg.rf.OyEfZmZXOf7fY1UkWvtL.jpg,pending_human_review,,none_pending,,
pair_014,3,train,datasets/uae_lp_v2_yolo/images/train/1-shortmobileview-Q2121600_png_jpg.rf.dDPY8LgfhxTTxTGghQzS.jpg,test,datasets/uae_lp_v2_yolo/images/test/1-shortmobileview-Q6909600_png_jpg.rf.dBraxAvqqy08ac0HVnTa.jpg,pending_human_review,,none_pending,,
pair_015,3,train,datasets/uae_lp_v2_yolo/images/train/1-viewmobile-Q6818600_png_jpg.rf.gqVwO8aMy89gtVWu1DuR.jpg,test,datasets/uae_lp_v2_yolo/images/test/1-viewmobile-K13300_png_jpg.rf.QXPtXdgTwTf10aesHz6w.jpg,pending_human_review,,none_pending,,
pair_016,4,train,datasets/uae_lp_v2_yolo/images/train/1-shortview-K13310_png_jpg.rf.RyK2JaED15Vcsmlvbw8x.jpg,test,datasets/uae_lp_v2_yolo/images/test/1-shortview-K13300_png_jpg.rf.cTJQVCG7cSQDoNf7ilIu.jpg,pending_human_review,,none_pending,,
pair_017,4,train,datasets/uae_lp_v2_yolo/images/train/1-shortview-Q2121610_png_jpg.rf.tqxLN6zKg94sZHETrn7v.jpg,test,datasets/uae_lp_v2_yolo/images/test/1-shortview-K13300_png_jpg.rf.cTJQVCG7cSQDoNf7ilIu.jpg,pending_human_review,,none_pending,,
pair_018,4,train,datasets/uae_lp_v2_yolo/images/train/1-shortview-Q6909600_png_jpg.rf.MDRULqjOXVNoYpUthaUV.jpg,test,datasets/uae_lp_v2_yolo/images/test/1-shortview-K13300_png_jpg.rf.cTJQVCG7cSQDoNf7ilIu.jpg,pending_human_review,,none_pending,,
pair_019,4,train,datasets/uae_lp_v2_yolo/images/train/1-view-K13310_png_jpg.rf.DfhpGXuHd7BTg2Bz0hIN.jpg,test,datasets/uae_lp_v2_yolo/images/test/1-view-Q2121610_png_jpg.rf.jeWAcuPvFoPxGbD4elEj.jpg,pending_human_review,,none_pending,,
pair_020,4,train,datasets/uae_lp_v2_yolo/images/train/1-view-K13310_png_jpg.rf.DfhpGXuHd7BTg2Bz0hIN.jpg,test,datasets/uae_lp_v2_yolo/images/test/1-view-Q6909610_png_jpg.rf.Q7VIbtzAMzYpYB1TbaY0.jpg,pending_human_review,,none_pending,,
pair_021,4,train,datasets/uae_lp_v2_yolo/images/train/1-viewmobile-Q6909600_png_jpg.rf.T2uos1DnzZEkUxqO4Rjk.jpg,test,datasets/uae_lp_v2_yolo/images/test/1-viewmobile-K13300_png_jpg.rf.QXPtXdgTwTf10aesHz6w.jpg,pending_human_review,,none_pending,,
pair_022,5,train,datasets/uae_lp_v2_yolo/images/train/1-shortview-Q6818610_png_jpg.rf.VvMneECMwJoBAcVMcvfg.jpg,test,datasets/uae_lp_v2_yolo/images/test/1-shortview-K13300_png_jpg.rf.cTJQVCG7cSQDoNf7ilIu.jpg,pending_human_review,,none_pending,,
pair_023,5,train,datasets/uae_lp_v2_yolo/images/train/1-shortview-Q6909610_png_jpg.rf.3eqDQHnr1cOcsJs2Cot1.jpg,test,datasets/uae_lp_v2_yolo/images/test/1-shortview-K13300_png_jpg.rf.cTJQVCG7cSQDoNf7ilIu.jpg,pending_human_review,,none_pending,,
pair_024,5,train,datasets/uae_lp_v2_yolo/images/train/1-viewmobile-Q6818600_png_jpg.rf.gqVwO8aMy89gtVWu1DuR.jpg,test,datasets/uae_lp_v2_yolo/images/test/1-viewmobile-K13310_png_jpg.rf.F5dky1xZp6o9WqtRQQq8.jpg,pending_human_review,,none_pending,,
pair_025,6,train,datasets/uae_lp_v2_yolo/images/train/1-shortview-K13310_png_jpg.rf.RyK2JaED15Vcsmlvbw8x.jpg,val,datasets/uae_lp_v2_yolo/images/val/1-shortview-K8446600_jpg.rf.xUF71EM7PG4zHMmyMelQ.jpg,pending_human_review,,none_pending,,
pair_026,6,train,datasets/uae_lp_v2_yolo/images/train/1-shortview-Q2121610_png_jpg.rf.tqxLN6zKg94sZHETrn7v.jpg,val,datasets/uae_lp_v2_yolo/images/val/1-shortview-K8446600_jpg.rf.xUF71EM7PG4zHMmyMelQ.jpg,pending_human_review,,none_pending,,
pair_027,6,train,datasets/uae_lp_v2_yolo/images/train/1-viewmobile-Q6909600_png_jpg.rf.T2uos1DnzZEkUxqO4Rjk.jpg,val,datasets/uae_lp_v2_yolo/images/val/1-viewmobile-Q6909610_png_jpg.rf.Q833TzVdsyjeX8Jj9e35.jpg,pending_human_review,,none_pending,,
pair_028,6,train,datasets/uae_lp_v2_yolo/images/train/1-shortmobileview-K13310_png_jpg.rf.OtxcsiKPntOtwipXIl9e.jpg,test,datasets/uae_lp_v2_yolo/images/test/1-shortmobileview-K13300_png_jpg.rf.OyEfZmZXOf7fY1UkWvtL.jpg,pending_human_review,,none_pending,,
pair_029,6,train,datasets/uae_lp_v2_yolo/images/train/1-shortmobileview-Q6818610_png_jpg.rf.pkRxcoc0PNhEFdKVfQC1.jpg,test,datasets/uae_lp_v2_yolo/images/test/1-shortmobileview-Q6909600_png_jpg.rf.dBraxAvqqy08ac0HVnTa.jpg,pending_human_review,,none_pending,,
pair_030,6,train,datasets/uae_lp_v2_yolo/images/train/1-viewmobile-Q2121610_png_jpg.rf.qbJle9VPIf7PRvxrbwiT.jpg,test,datasets/uae_lp_v2_yolo/images/test/1-viewmobile-K13310_png_jpg.rf.F5dky1xZp6o9WqtRQQq8.jpg,pending_human_review,,none_pending,,
pair_031,6,train,datasets/uae_lp_v2_yolo/images/train/1-viewmobile-Q6909600_png_jpg.rf.T2uos1DnzZEkUxqO4Rjk.jpg,test,datasets/uae_lp_v2_yolo/images/test/1-viewmobile-K13310_png_jpg.rf.F5dky1xZp6o9WqtRQQq8.jpg,pending_human_review,,none_pending,,
pair_032,6,val,datasets/uae_lp_v2_yolo/images/val/1-viewmobile-Q6909610_png_jpg.rf.Q833TzVdsyjeX8Jj9e35.jpg,test,datasets/uae_lp_v2_yolo/images/test/1-viewmobile-K13310_png_jpg.rf.F5dky1xZp6o9WqtRQQq8.jpg,pending_human_review,,none_pending,,
pair_033,7,train,datasets/uae_lp_v2_yolo/images/train/1-shortview-Q6818610_png_jpg.rf.VvMneECMwJoBAcVMcvfg.jpg,val,datasets/uae_lp_v2_yolo/images/val/1-shortview-K8446600_jpg.rf.xUF71EM7PG4zHMmyMelQ.jpg,pending_human_review,,none_pending,,
pair_034,7,train,datasets/uae_lp_v2_yolo/images/train/1-shortview-Q6909610_png_jpg.rf.3eqDQHnr1cOcsJs2Cot1.jpg,val,datasets/uae_lp_v2_yolo/images/val/1-shortview-K8446600_jpg.rf.xUF71EM7PG4zHMmyMelQ.jpg,pending_human_review,,none_pending,,
pair_035,7,train,datasets/uae_lp_v2_yolo/images/train/1-viewmobile-Q6818600_png_jpg.rf.gqVwO8aMy89gtVWu1DuR.jpg,val,datasets/uae_lp_v2_yolo/images/val/1-viewmobile-Q6909610_png_jpg.rf.Q833TzVdsyjeX8Jj9e35.jpg,pending_human_review,,none_pending,,
pair_036,7,train,datasets/uae_lp_v2_yolo/images/train/1-shortmobileview-Q6818610_png_jpg.rf.pkRxcoc0PNhEFdKVfQC1.jpg,test,datasets/uae_lp_v2_yolo/images/test/1-shortmobileview-Q6818600_png_jpg.rf.XcUKmna5NRPf8Jcbq97B.jpg,pending_human_review,,none_pending,,
pair_037,7,train,datasets/uae_lp_v2_yolo/images/train/1-viewmobile-Q6818610_png_jpg.rf.dsrxIeQPHxlgQDiSL5BG.jpg,test,datasets/uae_lp_v2_yolo/images/test/1-viewmobile-K13310_png_jpg.rf.F5dky1xZp6o9WqtRQQq8.jpg,pending_human_review,,none_pending,,
pair_038,8,train,datasets/uae_lp_v2_yolo/images/train/1-shortmobileview-K13310_png_jpg.rf.OtxcsiKPntOtwipXIl9e.jpg,test,datasets/uae_lp_v2_yolo/images/test/1-shortmobileview-Q6909600_png_jpg.rf.dBraxAvqqy08ac0HVnTa.jpg,pending_human_review,,none_pending,,
pair_039,8,train,datasets/uae_lp_v2_yolo/images/train/1-shortmobileview-Q2121610_png_jpg.rf.vtCCIjluxDemtwVgF9Ur.jpg,test,datasets/uae_lp_v2_yolo/images/test/1-shortmobileview-K13300_png_jpg.rf.OyEfZmZXOf7fY1UkWvtL.jpg,pending_human_review,,none_pending,,
pair_040,8,train,datasets/uae_lp_v2_yolo/images/train/1-shortmobileview-Q2121610_png_jpg.rf.vtCCIjluxDemtwVgF9Ur.jpg,test,datasets/uae_lp_v2_yolo/images/test/1-shortmobileview-Q6909600_png_jpg.rf.dBraxAvqqy08ac0HVnTa.jpg,pending_human_review,,none_pending,,
pair_041,8,train,datasets/uae_lp_v2_yolo/images/train/1-shortmobileview-Q6818610_png_jpg.rf.pkRxcoc0PNhEFdKVfQC1.jpg,test,datasets/uae_lp_v2_yolo/images/test/1-shortmobileview-K13300_png_jpg.rf.OyEfZmZXOf7fY1UkWvtL.jpg,pending_human_review,,none_pending,,
pair_042,8,train,datasets/uae_lp_v2_yolo/images/train/1-viewmobile-Q2121610_png_jpg.rf.qbJle9VPIf7PRvxrbwiT.jpg,test,datasets/uae_lp_v2_yolo/images/test/1-viewmobile-K13300_png_jpg.rf.QXPtXdgTwTf10aesHz6w.jpg,pending_human_review,,none_pending,,
pair_043,8,val,datasets/uae_lp_v2_yolo/images/val/1-viewmobile-Q6909610_png_jpg.rf.Q833TzVdsyjeX8Jj9e35.jpg,test,datasets/uae_lp_v2_yolo/images/test/1-viewmobile-K13300_png_jpg.rf.QXPtXdgTwTf10aesHz6w.jpg,pending_human_review,,none_pending,,
